-- POETS
INSERT INTO poets (id, name, bio, birth_year, death_year, photo_url) VALUES
('poet-1', 'Julian Tuwim', 'Julian Tuwim (1894-1953) – wybitny polski poeta i satyryk, autor m.in. „Lokomotywy”. Aplikacja w rozwoju.', 1894, 1953, 'https://picsum.photos/id/29/300/300'),
('poet-2', 'Maria Konopnicka', 'Maria Konopnicka (1842-1910) – polska poetka i pisarka, autorka „Roty”. Aplikacja w rozwoju.', 1842, 1910, 'https://picsum.photos/id/30/300/300'),
('poet-3', 'Bolesław Leśmian', 'Bolesław Leśmian (1877-1937) – polski poeta symbolista, twórca neologizmów. Aplikacja w rozwoju.', 1877, 1937, 'https://picsum.photos/id/64/300/300'),
('poet-4', 'Adam Mickiewicz', 'Adam Mickiewicz (1798-1855) – polski poeta romantyczny, jeden z wieszczów narodowych. Aplikacja w rozwoju.', 1798, 1855, 'https://picsum.photos/id/101/300/300'),
('poet-5', 'Maria Pawlikowska-Jasnorzewska', 'Maria Pawlikowska-Jasnorzewska (1891-1945) – polska poetka, autorka liryków miłosnych. Aplikacja w rozwoju.', 1891, 1945, 'https://picsum.photos/id/201/300/300'),
('poet-6', 'T.S. Eliot', 'T.S. Eliot (1888-1965) – amerykańsko-brytyjski poeta, dramaturg, laureat Nagrody Nobla. Aplikacja w rozwoju.', 1888, 1965, 'https://picsum.photos/id/251/300/300');

-- ACTORS
INSERT INTO actors (id, name, bio, photo_url) VALUES
('actor-1', 'Jerzy Binkowski', 'Jerzy Binkowski – polski lektor i czytelnik audiobooków poezji. Aplikacja w rozwoju.', 'https://picsum.photos/id/160/300/300'),
('actor-2', 'Anthony Hopkins', 'Anthony Hopkins (ur. 1937) – brytyjski aktor filmowy i teatralny, laureat Oscara. Aplikacja w rozwoju.', 'https://picsum.photos/id/237/300/300'),
('actor-3', 'Piotr Nater', 'Piotr Nater – wolontariusz LibriVox, czytający polską poezję klasyczną. Aplikacja w rozwoju.', 'https://picsum.photos/id/180/300/300'),
('actor-4', 'Nina Brown', 'Nina Brown – wolontariuszka LibriVox, czytająca poezję. Aplikacja w rozwoju.', 'https://picsum.photos/id/201/300/300');

-- POEMS
INSERT INTO poems (id, title, poet_id) VALUES
('poem-1', 'Okulary', 'poet-1'),
('poem-2', 'Przygrywka', 'poet-2'),
('poem-3', 'Zamyślenie', 'poet-3'),
('poem-4', 'Pani Twardowska', 'poet-4'),
('poem-5', 'Dom na modrzewiu', 'poet-5'),
('poem-6', 'The Love Song of J. Alfred Prufrock', 'poet-6');

-- RECORDINGS
INSERT INTO recordings (id, title, audio_url, start_time_sec, status, poem_id, actor_id) VALUES
('demo-1', 'Okulary', 'https://dn720708.ca.archive.org/0/items/lokomotywa-tuwim/Tuwim-Okulary.mp3', 15, 'PUBLISHED', 'poem-1', 'actor-1'),
('demo-2', 'Przygrywka', 'https://www.archive.org/download/msw031_2203_librivox/msw031_11_przygrywka_konopnicka_pn81_128kb.mp3', 17, 'PUBLISHED', 'poem-2', 'actor-3'),
('demo-3', 'Zamyślenie', 'https://www.archive.org/download/multilingual_1204_librivox/polish_zamyslenie_lesmian_nib.mp3', 8, 'PUBLISHED', 'poem-3', 'actor-4'),
('demo-4', 'Pani Twardowska', 'https://www.archive.org/download/multilingual_1204_librivox/polish_panitwardowska_mickiewicz_pn.mp3', 8, 'PUBLISHED', 'poem-4', 'actor-3'),
('demo-5', 'Dom na modrzewiu', 'https://archive.org/download/msw040_2601_librivox/msw040_08_domnamodrzewiu_mariapawlikowskajasnorzewska_pn81_128kb.mp3', 10, 'PUBLISHED', 'poem-5', 'actor-3'),
('demo-6', 'The Love Song of J. Alfred Prufrock', 'https://www.youtube.com/embed/PLNsPhKlucY', 10, 'PUBLISHED', 'poem-6', 'actor-2');

-- RECORDING LINES
-- demo-1 Okulary (Jerzy Binkowski)
INSERT INTO recording_lines (recording_id, line_order, line_text) VALUES
('demo-1', 1, 'Biega, krzyczy pan Hilary:'),
('demo-1', 2, '„Gdzie są moje okulary?”'),
('demo-1', 3, 'Szuka w spodniach i w surducie,'),
('demo-1', 4, 'W prawym bucie, w lewym bucie.'),
('demo-1', 5, 'Wszystko w szafach poprzewracał,'),
('demo-1', 6, 'Maca szlafrok, palto maca.'),
('demo-1', 7, '„Skandal! – krzyczy - nie do wiary!'),
('demo-1', 8, 'Ktoś mi ukradł okulary!”'),
('demo-1', 9, 'Pod kanapą, na kanapie,'),
('demo-1', 10, 'Wszędzie szuka, parska, sapie!'),
('demo-1', 11, 'Szpera w piecu i w kominie,'),
('demo-1', 12, 'W mysiej dziurze i w pianinie.'),
('demo-1', 13, 'Już podłogę chce odrywać,'),
('demo-1', 14, 'Już policję zaczął wzywać.'),
('demo-1', 15, 'Nagle - zerknął do lusterka…'),
('demo-1', 16, 'Nie chce wierzyć… Znowu zerka.'),
('demo-1', 17, 'Znalazł! Są! Okazało się,'),
('demo-1', 18, 'Że je ma na własnym nosie.');

-- demo-2 Przygrywka (Piotr Nater)
INSERT INTO recording_lines (recording_id, line_order, line_text) VALUES
('demo-2', 1, 'Wkoło mnie otoczyły moje równie senne,'),
('demo-2', 2, 'Pasmem jednakiem...'),
('demo-2', 3, 'Ale ja sobie lecę w krainy odmienne —'),
('demo-2', 4, 'Umiem być ptakiem!'),
('demo-2', 5, 'Błękitna przestrzeń mruga, zaprasza do siebie,'),
('demo-2', 6, 'Skrzydeł nie nuży...'),
('demo-2', 7, 'Pędzim sobie we trójkę: ja, obłok na niebie,'),
('demo-2', 8, 'I listek róży.'),
('demo-2', 9, 'Listek najpierwszy upadł na wioskowym kopcu'),
('demo-2', 10, 'Cudzej granicy,'),
('demo-2', 11, 'Jak rzucone słóweczko drogiemu mi chłopcu'),
('demo-2', 12, 'Mdłej obietnicy...'),
('demo-2', 13, 'A obłok powiał dalej... Pod słonko się stroi'),
('demo-2', 14, 'W biel i we złoto,'),
('demo-2', 15, 'Aż u chaty ostatniej, co w kraju mym stoi,'),
('demo-2', 16, 'Zadrżał tęsknotą...'),
('demo-2', 17, 'Wiatr szarpnął go za szatę, rozrzucił mu włosy;'),
('demo-2', 18, 'Toż łzami leci'),
('demo-2', 19, 'Na łączkę, gdzie pod gruszą siedzi dziaduś bosy'),
('demo-2', 20, 'I kupka dzieci...'),
('demo-2', 21, 'Nie chce odlecieć dalej! Z tej mgły urodzony,'),
('demo-2', 22, 'Z oparów rzeki:'),
('demo-2', 23, 'Gdzież mu zwiedzać świat obcy, inne jakieś strony'),
('demo-2', 24, 'I kraj daleki?'),
('demo-2', 25, 'Więc sama lecę... sama, choć serce mnie boli'),
('demo-2', 26, 'I smutno wróży...'),
('demo-2', 27, 'Czemuż nie chciał obłoczek podzielić mej doli,'),
('demo-2', 28, 'Ni listek róży?'),
('demo-2', 29, 'Z obłoczka jabym sobie wieczorem pod głowę'),
('demo-2', 30, 'Zwiła posłanie;'),
('demo-2', 31, 'A z listka zasię róży — toć czary gotowe'),
('demo-2', 32, 'Na zakochanie.'),
('demo-2', 33, 'Lecz sina dal pociąga i wabi i nęci,'),
('demo-2', 34, 'Jak cud nieznany...'),
('demo-2', 35, 'Ej! ujrzę raz na oczy insze sianożęci,'),
('demo-2', 36, 'Insze kurhany!'),
('demo-2', 37, 'Ej! posłyszę ja przecież, jakto ludzie gwarzą'),
('demo-2', 38, 'Obcym mi gwarem...'),
('demo-2', 39, 'I wypatrzę miesiączek, z jaką wstaje twarzą'),
('demo-2', 40, 'Nad cudzym jarem...'),
('demo-2', 41, 'I dowiem się raz wreszcie, gdzie tęcza podziewa'),
('demo-2', 42, 'Wstążek swych końce'),
('demo-2', 43, 'I jakie tam piosenki o zmroku rozbrzmiewa'),
('demo-2', 44, 'Echo mdlejące.'),
('demo-2', 45, 'U nas w wiosce znam wszystko... wszystkiegom już syta,'),
('demo-2', 46, 'Aż do znudzenia...'),
('demo-2', 47, 'Codzień z za tego wzgórza słońce rankiem świta,'),
('demo-2', 48, 'Nic się nie zmienia.'),
('demo-2', 49, 'Wiem, gdzie rosną dziewanny, a gdzie niezabudki'),
('demo-2', 50, 'W przydrożnym rowie;'),
('demo-2', 51, 'Wiem, gdzie szary słowiczek zwił domek malutki'),
('demo-2', 52, 'W naszej dąbrowie;'),
('demo-2', 53, 'Wiem, gdzie ojciec łan orze, gdzie matka wybiela'),
('demo-2', 54, 'Cieniutkie płótna;'),
('demo-2', 55, 'Wiem, jak w święto wieczorem grzmi wiejska kapela,'),
('demo-2', 56, 'Jak fletnia smutna...'),
('demo-2', 57, 'Lasek, cmentarz, kościółek, starego plebana,'),
('demo-2', 58, 'Znam już z pamięci...'),
('demo-2', 59, 'Tęskno mi! — Hej, pociąga dal sina, nieznana,'),
('demo-2', 60, 'Wabi i nęci!');

-- demo-3 Zamyślenie (Nina Brown)
INSERT INTO recording_lines (recording_id, line_order, line_text) VALUES
('demo-3', 1, 'Kto wybaczy mi moją do wróżby niezdolność?'),
('demo-3', 2, 'Nie wiem, co dziś pokocham — co jutro wyśpiewam?'),
('demo-3', 3, 'I dłonią, jak sierść zwierza, głaszczę mimowolność'),
('demo-3', 4, 'Pieśni, których warczenia w sobie się spodziewam.'),
('demo-3', 5, 'Po warczeniu poznaję, że przybyły z lasów,'),
('demo-3', 6, 'I oswajam je zwolna i uczę swej mowy,'),
('demo-3', 7, 'Aż zamęt ich podziemnych szmerów i hałasów'),
('demo-3', 8, 'Wyprzejrzyści się nagle w okrzyk lazurowy.'),
('demo-3', 9, 'Gdzie jar ciemny, gdzie rozstaj — tam powiew mej duszy,'),
('demo-3', 10, 'Gdzie szepty pocałunków — tam są usta moje,'),
('demo-3', 11, 'Gdzie chata mrze od progu — tam mój kij pastuszy,'),
('demo-3', 12, 'Gdzie plusk wioseł — tam serca wędrowne napoje.'),
('demo-3', 13, 'Lubię szaty swe liche, gdy nawskroś przemokną'),
('demo-3', 14, 'Deszczem, jak łzami pieśni, co, szumiąc, zamiera,'),
('demo-3', 15, 'A nie śpiewam, lecz jeno słowami przez okno'),
('demo-3', 16, 'W świat wyglądam, choć nie wiem, kto okno otwiera.'),
('demo-3', 17, 'Niech się pieśni me same ze siebie wygwarzą,'),
('demo-3', 18, 'Obym ich nie dobywał, ale w sobie dożył!'),
('demo-3', 19, 'A nie chcę im górować, ni barwić się twarzą,'),
('demo-3', 20, 'Jeno być niewidzialnym, jak ten, co mnie stworzył.');

-- demo-4 Pani Twardowska (Piotr Nater)
INSERT INTO recording_lines (recording_id, line_order, line_text) VALUES
('demo-4', 1, 'Jedzą, piją, lulki palą,'),
('demo-4', 2, 'Tańce, hulanka, swawola;'),
('demo-4', 3, 'Ledwie karczmy nie rozwalą,'),
('demo-4', 4, 'Ha, ha! Hi, hi! hejże! hola!'),
('demo-4', 5, 'Twardowski siadł w końcu stoła,'),
('demo-4', 6, 'Podparł się w boki jak basza:'),
('demo-4', 7, '„Hulaj dusza! hulaj!” woła,'),
('demo-4', 8, 'Śmieszy, tumani, przestrasza.'),
('demo-4', 9, 'Żołnierzowi, co grał zucha,'),
('demo-4', 10, 'Wszystkich łaje i potrąca,'),
('demo-4', 11, 'Świsnął szablą koło ucha:'),
('demo-4', 12, 'Już z żołnierza masz zająca.'),
('demo-4', 13, 'Na patrona z trybunału,'),
('demo-4', 14, 'Co milczkiem wypróżniał rondel,'),
('demo-4', 15, 'Zadzwonił kieską, pomału:'),
('demo-4', 16, 'Z patrona robi się kondel.'),
('demo-4', 17, 'Szewcu w nos wyciął trzy szczutki,'),
('demo-4', 18, 'Do łba przymknął trzy rureczki,'),
('demo-4', 19, 'Cmoknął: cmok! i gdańskiej wódki'),
('demo-4', 20, 'Wytoczył ze łba pół beczki.'),
('demo-4', 21, 'Wtem, gdy wódkę pił z kielicha,'),
('demo-4', 22, 'Kielich zaświstał, zazgrzytał;'),
('demo-4', 23, 'Patrzy na dno: — „Co u licha?'),
('demo-4', 24, 'Po coś tu, kumie, zawitał?”'),
('demo-4', 25, 'Diablik to był w wódce na dnie:'),
('demo-4', 26, 'Istny Niemiec, sztuczka kusa;'),
('demo-4', 27, 'Skłonił się gościom układnie,'),
('demo-4', 28, 'Zdjął kapelusz i dał susa.'),
('demo-4', 29, 'Z kielicha aż na podłogę'),
('demo-4', 30, 'Pada, rośnie na dwa łokcie,'),
('demo-4', 31, 'Nos jak haczyk, kurzą nogę,'),
('demo-4', 32, 'I krogulcze ma paznokcie.'),
('demo-4', 33, '„A, Twardowski… witam bracie!”'),
('demo-4', 34, 'To mówiąc, bieży obcesem:'),
('demo-4', 35, '„Cóż to, czyliż mię nie znacie?'),
('demo-4', 36, 'Jestem Mefistofelesem.'),
('demo-4', 37, 'Wszak ze mnąś na Łysej Górze'),
('demo-4', 38, 'Robił o duszę zapisy:'),
('demo-4', 39, 'Cyrograf na byczej skórze'),
('demo-4', 40, 'Podpisałeś ty i bisy.'),
('demo-4', 41, 'Miały słuchać twego rymu;'),
('demo-4', 42, 'Ty, jak dwa lata przebiegą,'),
('demo-4', 43, 'Miałeś pojechać do Rzymu,'),
('demo-4', 44, 'By cię tam porwać jak swego.'),
('demo-4', 45, 'Już i siedem lat uciekło,'),
('demo-4', 46, 'Cyrograf nadal nie służy:'),
('demo-4', 47, 'Ty, czarami dręcząc piekło,'),
('demo-4', 48, 'Ani myślisz o podróży.'),
('demo-4', 49, 'Ale zemsta, choć leniwa,'),
('demo-4', 50, 'Nagnała cię w nasze sieci:'),
('demo-4', 51, 'Ta karczma Rzym się nazywa…'),
('demo-4', 52, 'Kładę areszt na waszeci”.'),
('demo-4', 53, 'Twardowski ku drzwiom się kwapił'),
('demo-4', 54, 'Na takie dictum acerbum;'),
('demo-4', 55, 'Diabeł za kontusz ułapił:'),
('demo-4', 56, '„A gdzie jest nobile verbum?”'),
('demo-4', 57, 'Co tu począć? kusa rada,'),
('demo-4', 58, 'Przyjdzie już nałożyć głową…'),
('demo-4', 59, 'Twardowski na koncept wpada'),
('demo-4', 60, 'I zadaje trudność nową.'),
('demo-4', 61, '„Patrz w kontrakt, Mefistofilu,'),
('demo-4', 62, 'Tam warunki takie stoją:'),
('demo-4', 63, 'Po latach tylu a tylu,'),
('demo-4', 64, 'Gdy przyjdziesz brać duszę moją,'),
('demo-4', 65, 'Będę miał prawo trzy razy'),
('demo-4', 66, 'Zaprząc ciebie do roboty,'),
('demo-4', 67, 'A ty najtwardsze rozkazy'),
('demo-4', 68, 'Musisz spełnić co do joty.'),
('demo-4', 69, 'Patrz, oto jest karczmy godło,'),
('demo-4', 70, 'Koń malowany na płótnie;'),
('demo-4', 71, 'Ja chcę mu wskoczyć na siodło,'),
('demo-4', 72, 'A koń niech z kopyta utnie.'),
('demo-4', 73, 'Skręć mi przy tym biczyk z piasku,'),
('demo-4', 74, 'Żebym miał czym konia chłostać;'),
('demo-4', 75, 'I wymuruj gmach w tym lasku,'),
('demo-4', 76, 'Bym miał gdzie na popas zostać.'),
('demo-4', 77, 'Gmach będzie z ziarnek orzecha,'),
('demo-4', 78, 'Wysoki pod szczyt Krępaku,'),
('demo-4', 79, 'Z bród żydowskich ma być strzecha,'),
('demo-4', 80, 'Pobita nasieniem z maku.'),
('demo-4', 81, 'Patrz, oto na miarę ćwieczek,'),
('demo-4', 82, 'Cal gruby, długi trzy cale:'),
('demo-4', 83, 'W każde z makowych ziareczek'),
('demo-4', 84, 'Wbij mnie takie trzy bretnale”.'),
('demo-4', 85, 'Mefistofil duchem skoczy,'),
('demo-4', 86, 'Konia czyści, karmi, poi,'),
('demo-4', 87, 'Potem bicz z piasku utoczy,'),
('demo-4', 88, 'I już w gotowości stoi.'),
('demo-4', 89, 'Twardowski dosiadł biegusa,'),
('demo-4', 90, 'Probuje podskoków, zwrotów,'),
('demo-4', 91, 'Stępa, galopuje, kłusa —'),
('demo-4', 92, 'Patrzy, aż i gmach już gotów.'),
('demo-4', 93, '„No! wygrałeś, panie bisie,'),
('demo-4', 94, 'Lecz druga rzecz nieskończona:'),
('demo-4', 95, 'Trzeba skąpać się w tej misie —'),
('demo-4', 96, 'A to jest woda święcona”.'),
('demo-4', 97, 'Diabeł kurczy się i krztusi,'),
('demo-4', 98, 'Aż zimny pot na nim bije:'),
('demo-4', 99, 'Lecz pan każe, sługa musi,'),
('demo-4', 100, 'Skąpał się biedak po szyję.'),
('demo-4', 101, 'Wyleciał potem jak z procy,'),
('demo-4', 102, 'Otrząsł się, dbrum! parsknął raźnie:'),
('demo-4', 103, '„Teraz jużeś w naszej mocy,'),
('demo-4', 104, 'Najgorętsząm odbył łaźnię”.'),
('demo-4', 105, '„Jeszcze jedno, będzie kwita:'),
('demo-4', 106, 'Zaraz pęknie moc czartowska! —'),
('demo-4', 107, 'Patrzaj, oto jest kobiéta,'),
('demo-4', 108, 'Moja żoneczka, Twardowska.'),
('demo-4', 109, 'Ja na rok u Belzebuba'),
('demo-4', 110, 'Przyjmę za ciebie mieszkanie;'),
('demo-4', 111, 'Niech przez ten rok moja luba'),
('demo-4', 112, 'Z tobą jak z mężem zostanie.'),
('demo-4', 113, 'Przysiąż jej miłość, szacunek'),
('demo-4', 114, 'I posłuszeństwo bez granic;'),
('demo-4', 115, 'Złamiesz choć jeden warunek,'),
('demo-4', 116, 'Już cała ugoda na nic”.'),
('demo-4', 117, 'Diabeł do niego pół ucha,'),
('demo-4', 118, 'Pół oka zwrócił do samki,'),
('demo-4', 119, 'Niby patrzy, niby słucha —'),
('demo-4', 120, 'Tymczasem już blisko klamki.'),
('demo-4', 121, 'Gdy mu Twardowski dokucza,'),
('demo-4', 122, 'Od drzwi, od okien odpycha,'),
('demo-4', 123, 'Czmychnąwszy dziurką od klucza,'),
('demo-4', 124, 'Dotąd, jak czmycha, tak czmycha.');

-- demo-5 Dom na modrzewiu (Piotr Nater)
INSERT INTO recording_lines (recording_id, line_order, line_text) VALUES
('demo-5', 1, 'Na niebotycznym modrzewiu,'),
('demo-5', 2, 'modrzewiu o lekkich włosach,'),
('demo-5', 3, 'który się w światła zarzewiu'),
('demo-5', 4, 'kołysze i w złotych rosach,'),
('demo-5', 5, 'wisi ptaszęce gniazdko —'),
('demo-5', 6, 'gniazdko, skorupka orzecha —'),
('demo-5', 7, 'domek, nad drzwiami strzecha,'),
('demo-5', 8, 'strzecha ze słońca gwiazdką.'),
('demo-5', 9, 'Wysoko, wysoko, wyżej,'),
('demo-5', 10, 'wyżej, niż sięgnie drabina,'),
('demo-5', 11, 'niż człowiek sam się wyspina,'),
('demo-5', 12, 'czerni się domek w mgle ryżej.'),
('demo-5', 13, 'Z wierzchołkiem cofa się, stoi,'),
('demo-5', 14, 'wraca, kołuje w niebiosach —'),
('demo-5', 15, 'w niebiosach skąd blask się roi'),
('demo-5', 16, 'i plącze w modrzewia włosach.'),
('demo-5', 17, 'Był modrzew rosą opity —'),
('demo-5', 18, 'nie wiedząc poco i czemu'),
('demo-5', 19, 'włożono ciężar młodemu'),
('demo-5', 20, 'i wyniósł ciężar w błękity. —'),
('demo-5', 21, 'Tam! tam wysoko na drzewie'),
('demo-5', 22, 'w poszumach zamieszkać chcę!'),
('demo-5', 23, 'Chcę! w mym żałosnym gniewie'),
('demo-5', 24, 'pod złoto skryć się i rdzę!'),
('demo-5', 25, 'I w domku pod chmur koroną'),
('demo-5', 26, 'przekrzywić na bok głowę,'),
('demo-5', 27, 'głowę, zatulnie wtuloną'),
('demo-5', 28, 'w piórka czerwone i płowe.'),
('demo-5', 29, 'I płowe... I nic nie żądać'),
('demo-5', 30, 'lecz w bezpieczeństwie głębokiem,'),
('demo-5', 31, 'głupio, o głupio spoglądać'),
('demo-5', 32, 'na ziemię, w dół, jednem okiem. —');